"Treatment","DaysF","emmean","SE","df","lower.CL","upper.CL",".group"
"A","82",1.2018249247,0.0918385521513716,77,1.01895100406248,1.38469884533752,"  2"
"N","82",1.41560904794286,0.0918385521513715,77,1.23273512730533,1.59848296858038,"  2"
"N+P","82",1.39988856906923,0.0953053696354887,77,1.21011133287845,1.58966580526001,"  2"
"A","113",0.356586763121428,0.0918385521513715,77,0.173712842483904,0.539460683758952," 1 "
"N","113",0.543669512278571,0.0918385521513715,77,0.360795591641047,0.726543432916095," 1 "
"N+P","113",0.424502486085714,0.0918385521513715,77,0.241628565448191,0.607376406723238," 1 "
