Community,DaysF,emmean,SE,df,lower.CL,upper.CL,.group
C3,82,6.77973493129011,0.670267276696319,12.9796557706891,5.33147976724164,8.22799009533858,4
C1,82,4.12190624698586,0.655442689078103,16.3820512615602,2.73505876718487,5.50875372678684,23
D,82,4.31492882619252,0.507283149494604,9.15244926705126,3.17028173472049,5.45957591766455,3
C3,113,1.60349301928736,0.693838097458253,14.1639638111658,0.116972840945449,3.09001319762927,12
C1,113,1.11032869138459,0.655871390225628,16.4482527053599,-0.276983372110267,2.49764075487944,1
D,113,1.48229850995499,0.481401845023218,8.15829453186597,0.375921941026584,2.5886750788834,1
