"Treatment","DaysF","emmean","SE","df","lower.CL","upper.CL",".group"
"A","82",1.55875,0.16911846017342,35,1.21542127318845,1.90207872681155,"  23"
"N","82",1.965,0.16911846017342,35,1.62167127318845,2.30832872681155,"   3"
"N+P","82",2.00625,0.16911846017342,35,1.66292127318845,2.34957872681155,"   3"
"A","113",0.765,0.195281177012118,35,0.368558134309642,1.16144186569036," 1  "
"N","113",0.585,0.195281177012118,35,0.188558134309642,0.981441865690359," 1  "
"N+P","113",0.824,0.213919811411392,35,0.389719694843914,1.25828030515609," 12 "
