"Treatment","DaysF","emmean","SE","df","lower.CL","upper.CL",".group"
"A","82",4.48550480894495,0.452637905382114,7.42615036406936,3.42751228632295,5.54349733156695,"   3 "
"N","82",5.36722447913022,0.463477844568487,7.86457524102522,4.29523070194208,6.43921825631837,"    4"
"N+P","82",5.36384071639332,0.458685380280085,7.8037711765121,4.3014628276826,6.42621860510404,"    4"
"A","113",0.812021547664432,0.457237809668928,7.6517735975565,-0.250781784094995,1.87482487942386," 1   "
"N","113",1.69374121784971,0.47388586632321,8.38990766126224,0.609735531693345,2.77774690400607,"  2  "
"N+P","113",1.6903574551128,0.457091215969956,7.61663540642734,0.626996790257955,2.75371811996765,"  2  "
