"Treatment","DaysF","emmean","SE","df","lower.CL","upper.CL",".group"
"A","82",3.57857142857143,0.397171477445291,26,2.76217376449335,4.39496909264951,"  23"
"N","82",5.1225,0.371519898099773,26,4.35882991241432,5.88617008758569,"   3"
"N+P","82",4.97,0.397171477445291,26,4.15360233592192,5.78639766407808,"   3"
"A","113",1.35375,0.371519898099773,26,0.590079912414317,2.11742008758569," 1  "
"N","113",NA,NA,NA,NA,NA,""
"N+P","113",0.42,1.05081695716834,26,-1.73998519008465,2.57998519008465," 12 "
