"Treatment","DaysF","emmean","SE","df","lower.CL","upper.CL",".group"
"A","82",1.08195410337328,0.0526931607820487,77,0.97702861535912,1.18687959138744,"  2"
"N","82",1.18155195126453,0.0526931607820486,77,1.07662646325037,1.28647743927869,"  2"
"N+P","82",1.17528606218933,0.05468227719137,77,1.06639973738216,1.28417238699649,"  2"
"A","113",0.563500946911055,0.0526931607820487,77,0.458575458896894,0.668426434925216," 1 "
"N","113",0.694511390490101,0.0526931607820487,77,0.58958590247594,0.799436878504263," 1 "
"N+P","113",0.615703757921703,0.0526931607820487,77,0.510778269907542,0.720629245935864," 1 "
